variant,seed,duration_s,mission_complete,fire_overrun,extinction_time_s,fire_damage,fires_spawned,peak_active_fires,detection_delay_s,response_delay_s,collisions,near_misses,min_distance_m,emergency_fraction,time_explore,time_to_fire,time_extinguishing,time_to_station,time_queue,time_refill,water_fairness,overcrowding_s,queue_wait_mean_s,queue_wait_max_s,distance_m,control_effort,saturation_bounces,message_loss,neighbors,connected_fraction,fire_awareness,phantom_fires,info_age_s
completo,1,207.62,True,False,207.62,87794.28517999162,8,8,12.013846153846153,12.219230769230771,0,1,0.4938293702005288,0.00043348425007224756,0.018712070128118395,0.35892495905955263,0.14421378801007378,0.3876151944254193,0.022625469607936516,0.06790851876825896,0.9788813142178452,0.45000000000000023,0.6698809523809468,6.029999999999916,1134.0376590654582,1290.8397719303205,1,0.0,3.4576107899807296,0.29383429672447015,0.7618275376945889,0.008068400770712926,0.23649610346146085
completo,2,217.02,False,True,,259668.71895997765,45,41,13.45806451612903,15.110588235294117,0,1,0.7238067522783102,0.00034559026817804824,0.15071191595236538,0.2843017540624027,0.11544250913889333,0.3415699013913218,0.05635809295610676,0.05161582649833453,0.9829913660744527,0.6300000000000003,1.4292537313432665,9.759999999999836,1259.884420504402,1255.9195482039997,2,0.0,3.0766513056835603,0.2838709677419355,0.564655192401845,0.035637480798771264,0.13992770218512365
completo,3,174.47,False,True,,182832.29511998637,41,41,24.437368421052632,10.241176470588238,0,1,0.649821582925622,0.007890563802754885,0.07365640702317722,0.36029594390604835,0.1188456468160327,0.36415047477095,0.025940467320073064,0.057111060163172404,0.9629728775635997,0.0,0.9142857142857059,7.24999999999989,1103.2191624901839,1145.797155455869,1,0.0,2.7396788990825645,0.20871559633027523,0.5145666576011462,0.009843272171253829,0.4873419130254528
completo,4,157.74,True,False,157.74,63591.042399992424,0,5,1.8920000000000001,0.7979999999999998,0,0,0.958284541387686,0.0,0.03571805925362288,0.3294450783988303,0.12103250073958022,0.3823380245971677,0.06988292971557873,0.06158340729471637,0.9656113509090702,0.0,2.3627450980391833,14.27999999999974,825.0127029564494,982.1011512796097,3,0.0,3.295286408793069,0.3253012048192771,0.9420312830268446,0.13279433523567974,0.05625718608169438
completo,5,152.05,True,False,152.05,70504.87473999281,0,5,1.9600000000000002,1.8200000000000003,0,0,1.0164756142686653,0.0,0.060950345281168467,0.33452263509787894,0.14189959443160666,0.3694617998462852,0.02889400416529545,0.06427162117725697,0.9733802682558698,0.0,0.6496551724137877,6.499999999999906,891.9643107247269,900.122255843411,1,0.0,2.2481359649122807,0.06776315789473684,0.7725657894736846,0.04490131578947352,0.35466913684631585
completo,6,130.23,True,False,130.23,65727.215139994,0,5,3.396,1.252,0,4,0.3435767138188219,0.0022332283907957684,0.029537484962501852,0.26193401417989504,0.15672912027433658,0.3936624945606399,0.0836084875476888,0.07452839847450837,0.9468481971574664,0.0,2.383962264150913,10.939999999999811,617.9192615449067,766.4308918729976,0,0.0,2.412954429083475,0.009984639016897081,0.8718958013312859,0.056835637480798715,0.6727550307039152
completo,7,150.91,True,False,150.91,63182.48649999148,0,5,1.544,3.374,0,0,0.9791405708584444,0.0,0.0195591191217732,0.28852185629385607,0.14338568241551744,0.3834128509263322,0.10075541713602977,0.06436507410599183,0.9755257722526687,0.0,2.1184482758620446,18.640000000000114,762.2165038498509,807.8786700040849,0,0.0,2.8628230616302175,0.12127236580516898,0.871960827626832,0.04660923348796089,0.5892514454422431
completo,8,197.31,False,True,,230286.807739983,48,41,16.383777777777777,8.664000000000003,0,1,0.6629221954695388,0.0008109066950484014,0.10637237511188649,0.27491848698306937,0.10918098423796305,0.38102900680795215,0.07432044329565358,0.05417870356293324,0.8585680144633082,0.0,2.0969090909090626,15.149999999999721,1069.1640553608017,1148.5653742536579,2,0.0,3.401081263726979,0.28890015205271163,0.5850819423640068,0.06500253421185989,0.05527558163058865
senza predizione delle collisioni,1,159.39,False,True,,179980.4579199851,39,41,11.466451612903224,2.837142857142858,1,151,0.08143761689229738,0.6874490244054472,0.008908965430704489,0.22622707405303102,0.08137273354664837,0.5112982830370242,0.14071355375697983,0.03147939017504056,0.6526917036581436,0.0,5.127500000000458,94.08000000001122,284.9217339266891,352.1614168342312,1,0.0,3.3627327892864574,0.0,0.3886722614224599,0.0,0.38338843904639175
senza predizione delle collisioni,2,147.04,False,True,,178566.18563998945,38,41,3.508421052631579,4.644444444444446,0,111,0.27961776245227005,0.7207562568008347,0.027248821182444122,0.24628785817903845,0.06949922923469001,0.46984380667357584,0.16077257889003388,0.02634770583968043,0.9073083357793168,0.0,11.219090909090978,67.21999999999748,239.17023773715735,351.1891324390987,0,0.0,3.3392290249432977,0.04625850340136054,0.5363157145682003,0.0,0.6669735221050911
senza predizione delle collisioni,3,117.54,False,True,,130018.38303999399,38,41,4.136666666666666,2.1400000000000006,0,168,0.1605014708169227,0.6616896375702135,0.041241279564401476,0.36662696387022486,0.07354942998129443,0.4323209120296569,0.052804718960921954,0.03345669559298904,0.870715587670971,0.0,3.7200000000000104,23.08000000000081,348.2447002012032,477.0556914193677,1,0.0,3.9704964539007026,0.2221276595744681,0.35389028670728795,0.03865248226950351,1.040067350282317
senza predizione delle collisioni,4,217.48,False,True,,253807.8926599797,39,41,28.4735294117647,12.305555555555554,0,252,0.20348276370866586,0.6842276684443875,0.011981944699896574,0.2714004352888775,0.07029382012138209,0.5043337318370071,0.10546946845682922,0.03652059959536963,0.8845799935550376,0.0,6.881250000000004,62.30999999999617,484.4814643498076,686.3708532256155,0,0.0,4.526065624041714,0.2782888684452622,0.5824260281396563,0.016022692425636312,0.104438863752715
senza predizione delle collisioni,5,157.95,False,True,,173533.6274599901,36,41,8.849999999999998,2.763333333333335,2,144,0.07048422081094563,0.7119552601032992,0.03539094650205624,0.3048063733246911,0.07788857233302242,0.4777725018462179,0.07117758784426627,0.032964018149201295,0.8577694235589043,0.0,4.096129032258115,44.03999999999981,364.74361352312184,477.54509429523966,0,0.0,2.576736331011181,0.0,0.5188630565772901,0.0,0.5437323180174888
senza predizione delle collisioni,6,219.59,False,True,,325501.7288199768,37,41,6.41939393939394,10.805,0,200,0.1221163693784039,0.7358030875720258,0.021722300651212556,0.3405551254608319,0.07109082077203524,0.440024591283411,0.09101051960469013,0.035596642227185164,0.864980342009323,0.0,5.9700000000000255,76.27000000000211,400.1574207291787,504.43830170699863,1,0.0,3.145026575550539,0.0,0.5790339596061189,0.08352315869400131,0.19880891943060783
senza predizione delle collisioni,7,205.94,False,True,,194924.1432799898,39,41,1.211875000000001,2.7030769230769254,0,203,0.16377176087394377,0.7001918034376737,0.016962869444174772,0.37381842607851196,0.08314719497586599,0.43407869606000515,0.05584150723512491,0.036151306205694546,0.938194423030048,0.0,1.7427906976744396,23.48000000000087,503.50341019104064,713.4712521893165,0,0.0,2.687064918245071,0.0,0.5704597194112796,0.08037882467217101,0.7245481675822213
senza predizione delle collisioni,8,184.06,False,True,,250112.94529998547,39,41,0.3175,1.5525000000000002,1,201,0.09075303382366753,0.725560505632058,0.041580643992905425,0.2534544894779039,0.0757723930602307,0.5031420913466326,0.08429316527218282,0.04175721684958268,0.6466982590516585,0.0,3.234166666666745,25.440000000001177,369.82578338553697,594.2714465823998,3,0.0,4.6280797101449345,0.23804347826086958,0.2651441816734543,0.012137681159420285,0.19076315973273075
senza evitamento delle collisioni,1,125.71,True,False,125.71000000000001,48457.241899996625,2,5,13.332857142857145,5.072857142857144,32,204,0.0002404591750994947,0.0,0.3195913875849883,0.20201256861020594,0.17050486569612008,0.21043141622242748,0.01756688674992797,0.07989287513591119,0.9555412507512532,1.9200000000000015,0.4416666666666641,4.159999999999956,951.530953760769,403.87179826582167,1,0.0,2.588172898435431,0.03659506762132061,0.477861751966764,0.05529037390612547,0.5927553751449479
senza evitamento delle collisioni,2,281.27,True,False,281.27,175099.27321996892,31,20,12.940277777777778,29.43111111111111,150,762,0.0011695462071782594,0.0,0.18580012088016695,0.24156208151106398,0.2011856934616583,0.2594215522449807,0.01417084414737887,0.09785970775406923,0.989649440387176,46.22999999999937,0.28987878787878785,2.52999999999999,1977.665309312985,1033.63492032902,11,0.0,4.078651019440473,0.3051209103840683,0.6521533943287992,0.057224988146040774,0.15070779477639676
senza evitamento delle collisioni,3,600.0,False,False,,224605.9367399752,23,14,6.946785714285716,31.73714285714286,281,1182,0.00020395488735932893,0.0,0.41902361111381015,0.19343611111095532,0.09108472222215953,0.22747916666647994,0.0237430555555541,0.04523333333331234,0.9767889188196673,9.09999999999985,1.0618012422360212,5.909999999999918,5345.305965875732,1581.038665932678,2,0.0,2.368111111111105,0.13383333333333333,0.47325076297161883,0.026347222222222123,0.1658070349127373
senza evitamento delle collisioni,4,82.89,True,False,82.89,33421.48741999612,0,5,1.8920000000000001,0.7979999999999998,34,172,0.00605237913809919,0.0,0.05078015040012719,0.2882937226041382,0.21005750593151057,0.29634656371886126,0.045964531306550316,0.10855752603854338,0.9545352238369977,1.470000000000001,0.9524999999999945,4.789999999999942,544.6329516124389,297.3485134688552,0,0.0,2.968397745571651,0.0,0.8673443370907142,0.033917069243156205,0.21284198419470915
senza evitamento delle collisioni,5,96.83,True,False,96.83,44880.21597999548,0,5,1.986,1.7240000000000002,83,214,0.0006325390514319283,0.0,0.12272367379257056,0.28136080415835973,0.20422389755235046,0.2850614478982441,0.013787049468139785,0.09284312713003742,0.9879476159760492,3.5399999999999685,0.29277777777777625,6.109999999999914,690.9488648660681,304.8334956306082,2,0.0,2.538223140495869,0.02066115702479339,0.7241993801652913,0.14626377410468291,0.34089980070389264
senza evitamento delle collisioni,6,125.39,True,False,125.39,50311.810839997124,5,6,11.298,7.900999999999999,106,287,0.00032170137065969416,0.0,0.2087287662492087,0.25531674508852087,0.1824308158544643,0.25148868862469154,0.011736714783209692,0.09029826939948786,0.9617203661665488,4.689999999999944,0.27169230769230784,1.8900000000000015,922.4097017459338,434.2969690538002,1,0.0,3.305001330141,0.014365522745411013,0.6078057107386727,0.1046155892524607,0.09705638271906193
senza evitamento delle collisioni,7,96.48,True,False,96.48,44721.686659996165,0,5,1.544,3.2600000000000002,39,191,0.0012393465063742439,0.0,0.20694271697063907,0.2117537313432162,0.20484383637362605,0.2448348535101292,0.0405092592592586,0.09111560254285608,0.9285557067275602,3.149999999999977,0.8519230769230699,6.459999999999907,639.2186984215102,342.1764015540494,4,0.0,2.7161134163208875,0.052904564315352696,0.5682687874596581,0.013485477178423246,0.0829432705558109
senza evitamento delle collisioni,8,77.08,True,False,77.08,29092.010939997166,0,5,1.7559999999999998,1.4140000000000001,39,155,0.00320222766208471,0.0,0.08082511676180736,0.3051591420168313,0.20764141152046606,0.27368751081118614,0.025265957446809432,0.10742086144267203,0.9202879848781272,0.0,0.541707317073166,8.979999999999853,529.1436446110472,259.14693726655287,4,0.0,3.0768398268398203,0.14415584415584415,0.8141612554112555,0.11883116883116869,0.06587859256128484
radio con 50% di messaggi persi,1,192.72,False,True,,172938.23143998726,39,41,6.174242424242425,5.913000000000001,1,157,0.08066248920146017,0.07276100041511206,0.016820603293206393,0.08853518057283398,0.08096374705962653,0.6444409851938865,0.13364380102387918,0.035595682855959085,0.8960051318644904,0.0,3.9482857142856727,20.03000000000033,1123.3962915911013,1781.7204661003657,0,0.49945539716806525,1.550899498356684,0.005708354955889984,0.5185150803452571,0.21808510638297873,0.28418335161822267
radio con 50% di messaggi persi,2,147.33,False,True,,173228.84943999504,38,41,5.322105263157895,10.32636363636364,1,144,0.023016156262288177,0.084085612796673,0.019700671960905018,0.05212787619629983,0.06879680535760159,0.6343073372695791,0.19627140885530747,0.02879590035973576,0.34892850016500543,0.0,1.760526315789443,15.299999999999718,902.3211664344058,1472.3645436212669,0,0.5004714351587395,1.6434713736139392,0.0,0.6267087366793386,0.08208870785245528,1.2967148737549936
radio con 50% di messaggi persi,3,129.45,False,True,,141019.70257999498,38,41,5.992307692307692,16.412857142857142,0,113,0.1256732666058281,0.06976953778808032,0.04114844856443663,0.1517123728594893,0.06662160422300505,0.5697373503278873,0.14198532251831106,0.028794901506372907,0.8570601805196962,0.0,3.6093333333334305,29.250000000001773,835.381844240627,1189.807286462271,0,0.5007960484929443,1.6619654817104565,0.059505409582689336,0.49465275936152336,0.02260432766615149,0.8550976731479241
radio con 50% di messaggi persi,4,208.71,False,True,,206770.8999799879,38,41,3.5577777777777775,6.412222222222222,2,206,0.03040977783805708,0.08885135674700372,0.008776132751984666,0.056310191174363436,0.05894542666858748,0.6537021065907463,0.19136201747229373,0.030904125341383856,0.9017218471961999,0.0,13.291599999999807,66.94999999999735,1282.9518432500508,1999.2802978346797,1,0.5002606754057028,1.867273598466698,0.11116435074269286,0.7955935576556288,0.07522759942501198,0.1493615336764275
radio con 50% di messaggi persi,5,175.24,False,True,,173524.49823998884,42,41,4.860384615384618,9.631666666666666,1,125,0.031767350093545865,0.07274785056684492,0.056955223312801666,0.1688398767403856,0.10375294833749264,0.5349901088027476,0.09274899185876873,0.042712850947276615,0.8762992319437747,0.0,2.354090909090877,16.529999999999784,1034.3282542368495,1290.4663828482219,0,0.4999560441106141,1.356592465753424,0.0,0.3755330226343678,0.025161719939117297,1.2635767341322015
radio con 50% di messaggi persi,6,219.36,False,True,,308987.9849999797,43,41,9.007179487179489,11.100526315789477,1,201,0.0742204603512651,0.0736308655482619,0.021832451981520912,0.08408932044734062,0.08174538050083169,0.5762179370284637,0.1959564186723787,0.04015849136883706,0.5124608952716857,0.0,2.0929545454545977,35.860000000001435,1310.4282064659753,1998.4981250601402,1,0.5006070502955731,1.7023103815169462,0.0,0.33174372187278817,0.011057911536707701,0.9261399951474814
radio con 50% di messaggi persi,7,600.0,False,False,,171516.65773995925,0,5,1.544,3.3020000000000005,8,708,0.025540755642993858,0.1002722222221741,0.047158333333310584,0.07345972222217556,0.0459888888888672,0.5698555555615469,0.24257499999979953,0.02096250000000107,0.9349423659767228,0.0,15.486805555555858,94.00000000001118,3893.6449679680445,5648.968524829582,0,0.5001795001637294,2.426083333333334,0.5098333333333334,0.8829009259259237,0.005236111111111108,0.3562969977806598
radio con 50% di messaggi persi,8,187.75,False,True,,255805.91695998635,40,41,43.595000000000006,1.5585714285714345,6,181,0.0076080369104508435,0.08231247225921158,0.12365290723474995,0.1586063027074212,0.07527296937416367,0.49186418109149455,0.10757656458052577,0.04302707501110195,0.6374184838777487,0.0,3.262857142857217,29.340000000001787,1050.8482279855148,1409.7368057723643,2,0.5008173882522076,1.8287160362280233,0.2184336707511987,0.25390304369067956,0.008613034984905,0.662980848051305
senza rimbalzo dagli incendi pieni,1,207.62,True,False,207.62,87794.28517999162,8,8,12.013846153846153,12.219230769230771,0,1,0.4938293702005288,0.00043348425007224756,0.018712070128118395,0.35892495905955263,0.14421378801007378,0.3876111806823631,0.02262948335099274,0.06790851876825896,0.9788813142178452,0.45000000000000023,0.6698809523809468,6.029999999999916,1134.000614430667,1288.075130530712,0,0.0,3.457691072575463,0.29383429672447015,0.7618275376945889,0.008068400770712926,0.23649610346146085
senza rimbalzo dagli incendi pieni,2,219.25,False,True,,258595.18101997857,48,41,12.832,22.907500000000002,0,1,0.7238067522783102,0.0003420752565564426,0.13539718738115583,0.2779817559861193,0.11816039528691077,0.353078677308742,0.06222729000379935,0.053154694032693954,0.9826609268070805,1.5900000000000012,1.7541428571428337,12.809999999999771,1248.994929751628,1281.077251049202,0,0.0,3.0720802919708037,0.3143248175182482,0.5395163743144469,0.047027068126520764,0.07531766009306448
senza rimbalzo dagli incendi pieni,3,174.47,False,True,,183091.97195998736,41,41,24.614146341463417,8.521666666666668,0,1,0.649821582925622,0.007890563802754885,0.06017271355153109,0.37500238818489856,0.11638103972025916,0.3654448711332651,0.027382931162949296,0.05561605624654796,0.9465155295258446,0.0,0.9401851851851772,9.219999999999848,1094.0085367415636,1134.7377480437608,0,0.0,2.7433103975535045,0.16055045871559634,0.5088889750756833,0.03750955657492338,0.2994687916777793
senza rimbalzo dagli incendi pieni,4,150.52,True,False,150.52,62031.22081999336,0,5,1.8920000000000001,0.7979999999999998,0,0,0.9628709258415791,0.0,0.03773584905660264,0.3217734077418374,0.12634533616791643,0.38771702542270575,0.06395052706175379,0.06247785454868723,0.9759366506727024,0.0,2.1605999999999757,16.589999999999794,782.2586197075345,876.8072877663666,0,0.0,3.3698781838316747,0.4212624584717608,0.9301107419712072,0.02558139534883718,0.029488835808494974
senza rimbalzo dagli incendi pieni,5,154.54,True,False,154.54,70574.14405999289,0,5,1.9600000000000002,1.8200000000000003,0,0,1.0164756142686653,0.0,0.05997368534576808,0.3367305120570603,0.1397804236227456,0.3702978732580133,0.029647124800481876,0.06357038091541747,0.9763043006376325,0.0,0.7727118644067722,7.909999999999876,901.6628375801239,923.9854591693664,0,0.0,2.282847896440132,0.06666666666666667,0.7762459546925571,0.0447141316073353,0.35201219361688596
senza rimbalzo dagli incendi pieni,6,130.23,True,False,130.23,65727.215139994,0,5,3.396,1.252,0,4,0.3435767138188219,0.0022332283907957684,0.029537484962501852,0.26193401417989504,0.15672912027433658,0.3936624945606399,0.0836084875476888,0.07452839847450837,0.9468481971574664,0.0,2.383962264150913,10.939999999999811,617.9192615449067,766.4308918729976,0,0.0,2.412954429083475,0.009984639016897081,0.8718958013312859,0.056835637480798715,0.6727550307039152
senza rimbalzo dagli incendi pieni,7,150.91,True,False,150.91,63182.48649999148,0,5,1.544,3.374,0,0,0.9791405708584444,0.0,0.0195591191217732,0.28852185629385607,0.14338568241551744,0.3834128509263322,0.10075541713602977,0.06436507410599183,0.9755257722526687,0.0,2.1184482758620446,18.640000000000114,762.2165038498509,807.8786700040849,0,0.0,2.8628230616302175,0.12127236580516898,0.871960827626832,0.04660923348796089,0.5892514454422431
senza rimbalzo dagli incendi pieni,8,201.42,False,True,,232374.3059999874,50,41,17.92,9.466956521739132,0,1,0.6629221954695388,0.0007943600436898029,0.13128868367915153,0.2655769039815482,0.11333283685826295,0.36900506404500294,0.06459553834442251,0.05620097309106239,0.8969307803873552,0.0,1.948999999999976,10.179999999999827,1124.353757757628,1211.8267277734888,0,0.0,3.0987255875537887,0.25620655412115195,0.5742662264071492,0.06367924528301891,0.03731880378766834
