variant,seed,duration_s,mission_complete,fire_overrun,extinction_time_s,fire_damage,fires_spawned,fires_ignited,peak_active_fires,detection_delay_s,fires_never_seen,response_delay_s,collisions,near_misses,min_distance_m,emergency_fraction,time_explore,time_to_fire,time_extinguishing,time_to_station,time_queue,time_refill,water_fairness,overcrowding_s,queue_wait_mean_s,queue_wait_max_s,distance_m,control_effort,saturation_bounces,message_loss,neighbors,connected_fraction,fire_awareness,phantom_fires,info_age_s,coverage_staleness_s,coverage_staleness_hot_s,coverage_staleness_cold_s,coverage_staleness_max_s
ricerca casuale,1,300.0,True,False,208.0,34060.21204999575,0,10,4,19.23090909090909,0,3.5281818181818196,0,0,0.9039099619305244,0.0,0.6916027777799792,0.11209444444438277,0.03690277777778449,0.13416666666658492,0.006538888888889134,0.018694444444443757,0.8018422979835521,0.0,0.7356249999999926,8.66999999999986,2868.589792969517,1172.3514087635428,1,0.0,0.9519444444444458,0.022333333333333334,0.23156793106815154,0.012472222222222221,0.30271435491684445,41.131679355587465,26.175071788194405,55.35760541940799,248.27
ricerca casuale,2,219.68,False,True,,194211.5621000069,43,5,41,6.354347826086956,26,5.963571428571429,0,0,1.076947089693561,0.0,0.773970472201342,0.07564791211457712,0.044610342316104966,0.08600388443794717,0.0015590859431900783,0.01820830298616132,0.6386538506333577,0.0,0.17124999999999954,2.619999999999988,2120.0092748435413,725.4152064654965,0,0.0,0.5594262295081975,0.0,0.05630572085566748,0.0060716454159077185,0.10663363678520017,25.45344817671982,18.098502272123582,32.55430262833342,150.27
ricerca casuale,3,300.0,True,False,156.62,20264.52369999764,0,4,3,24.865,1,1.4849999999999968,0,0,1.019054045675306,0.0,0.8738055555617341,0.04595555555555403,0.022900000000001464,0.047338888888886106,0.0,0.01000000000000039,0.6112207841533569,0.0,0.0,0.0,3080.666445479822,1041.099093465612,0,0.0,0.49383333333333324,0.0,0.0968247287691744,0.009027777777777735,0.836600552347477,32.22022461123762,25.665666475694476,36.97433956505856,202.20000000000002
ricerca casuale,4,300.0,True,False,279.56,31156.094599995577,0,7,3,23.45375,0,1.4299999999999917,0,0,1.0394616469763927,0.0,0.7899916666710157,0.0844916666666301,0.035302777777785586,0.0735472222221956,0.0,0.01666666666666573,0.6140263801573023,0.0,0.0,0.0,2961.930726890391,1020.9626525083547,0,0.0,0.5978333333333314,0.0,0.11519081693500387,0.01672222222222221,1.0278528708134014,26.869427784524028,16.562530243055598,38.2607676023392,164.06
ricerca casuale,5,300.0,True,False,110.71000000000001,20387.160049996557,0,1,1,42.14000000000001,0,1.1400000000000077,0,0,1.1129162321532609,0.0,0.9074555555624686,0.03205000000000614,0.015258333333332678,0.037455555555561765,0.0011138888888888774,0.006666666666666931,0.5128621881475317,0.0,0.3341666666666661,2.399999999999993,3088.1989449233215,962.5815428726152,1,0.0,0.48005555555555324,0.0,0.16399956455475787,0.0002777777777777778,0.3551609691337538,34.703429088300126,29.500463038194443,38.09708838724419,300.0
ricerca casuale,6,300.0,False,False,,34629.287749996634,0,7,4,32.494285714285716,1,1.4814285714285715,0,0,1.069742780080162,0.0,0.7146805555582608,0.12025833333326424,0.03394722222222934,0.11686388888882288,0.00036111111111111137,0.013888888888888506,0.7765191969635318,0.0,0.0,0.0,3011.9517095630767,1166.49075860218,0,0.0,0.6773888888888907,0.0,0.18778703703703462,0.018361111111111134,1.4863432389309879,40.68128600226881,35.61630781250006,44.705729329312774,300.0
ricerca casuale,7,300.0,True,False,281.09000000000003,21346.613950000334,0,7,3,25.784285714285712,1,1.2642857142857211,0,0,1.0145406108852828,0.0,0.7539305555591175,0.09516944444439816,0.03345555555556242,0.09895555555550584,0.002933333333333283,0.01555555555555484,0.7578251304116588,0.0,0.37714285714285384,4.679999999999945,2974.3924504132383,1077.5204122828306,1,0.0,0.6116666666666689,0.0,0.15069273938968517,0.018166666666666654,1.8221108003729016,31.615219204448668,23.00548961805557,39.734662375731034,162.11
ricerca casuale,8,300.0,True,False,59.81,21395.368400001084,0,9,4,23.766666666666666,1,1.2311111111111077,0,0,1.0433618353816594,0.0,0.7696111111150153,0.08079999999996679,0.0376305555555616,0.09414166666662133,0.0012416666666666524,0.016574999999999084,0.7772418208906956,0.0,0.14899999999999985,2.3599999999999937,2961.666270886845,1015.3314878721156,0,0.0,0.5768888888888879,0.0,0.15218034936344668,0.012861111111111071,1.2299250832408462,27.647533402743026,14.322462708333333,39.40270749634509,168.93
ricerca casuale,9,300.0,True,False,96.75,20402.58314999772,0,10,4,13.570000000000007,1,2.7289999999999988,0,0,1.0760581863938596,0.0,0.7719638888928445,0.08066111111107803,0.031116666666672333,0.10150555555550352,0.0010944444444444333,0.013658333333332997,0.7880691323104041,0.0,0.17130434782608697,2.099999999999999,3046.4086127350547,987.8839803582438,1,0.0,0.4846666666666698,0.0,0.20307138369339278,0.020500000000000042,2.5381468697930316,26.79944897641297,13.643276649305575,38.57382785179094,175.4
ricerca casuale,10,300.0,True,False,47.11,19417.425250001426,0,8,3,23.97555555555555,0,1.6811111111111119,0,0,1.0222615741104877,0.0,0.8085722222269769,0.06787777777775632,0.03321111111111785,0.0744361111110837,0.0004944444444444448,0.015408333333332648,0.8260283910719528,0.0,0.06357142857142863,1.7800000000000014,2963.1859138290733,1034.3046047464582,2,0.0,0.648000000000004,0.0,0.13475860297893996,0.009833333333333345,0.5340521597391994,29.6478412662045,20.69525923611112,37.21485111111109,159.8
ricerca casuale,11,300.0,True,False,103.62,19485.781050002326,0,6,3,30.778571428571432,0,2.150000000000001,0,0,0.9662531319940075,0.0,0.8122277777826122,0.0683972222222003,0.03224722222222847,0.0703611111110874,0.002322222222222185,0.014444444444443951,0.6817713521956091,0.0,0.32153846153845783,6.639999999999903,2965.723079095178,986.5842713807364,0,0.0,0.6281666666666701,0.0,0.13963216145833152,0.017666666666666685,0.4881571534469948,32.05992901298215,24.3428790277778,40.42552896747081,150.44
ricerca casuale,12,300.0,True,False,63.88,13361.042349999349,0,4,1,13.719999999999995,0,1.290000000000007,0,0,1.055223276925411,0.0,0.8769972222284704,0.03772500000000596,0.021694444444445293,0.0522333333333261,0.0014194444444444265,0.00993055555555596,0.4730504780819894,0.0,0.28388888888888775,2.7299999999999858,3108.6401228363275,952.155487654446,1,0.0,0.4473333333333324,0.0,0.15950187649266365,0.0025555555555555535,0.6150935828877021,22.4857872162109,13.302020381944429,32.87226503654974,102.02
ricerca casuale,13,300.0,True,False,96.34,22987.386499997217,0,11,4,12.647499999999999,0,2.433636363636372,0,0,1.050782431779652,0.0,0.7661944444482741,0.07985277777774544,0.03655000000000703,0.09925555555550557,0.0021083333333333006,0.01603888888888808,0.8243864079875244,0.0,0.26172413793103094,6.909999999999897,2953.875915032098,1015.2406676552687,0,0.0,0.5485555555555562,0.0,0.17211070166365064,0.0070555555555555415,1.208846067162513,30.40215765053962,22.817029461805536,37.949913339729555,194.5
ricerca casuale,14,300.0,True,False,82.89,14091.418399996823,0,4,3,12.229999999999999,0,1.3779999999999926,0,0,1.0489066554429922,0.0,0.8355194444497873,0.07019722222219865,0.02204166666666769,0.06279722222220538,0.0,0.009444444444444946,0.820043904127118,0.0,0.0,0.0,3083.3099727117333,1053.1834263264561,0,0.0,0.523277777777774,0.0,0.2588945966514434,0.004999999999999999,1.0140256880734055,28.565503814372374,23.748851371527753,33.36183990862572,199.1
ricerca casuale,15,300.0,True,False,65.45,23784.8033000002,0,9,6,19.725714285714297,3,1.4657142857142802,0,1,0.2730571800167399,0.00038888888888888914,0.8795194444507477,0.05223888888888165,0.02461111111111345,0.030825000000005518,0.0,0.012805555555555388,0.2744333545364272,0.0,0.0,0.0,3091.4427550596974,797.1211847692804,0,0.0,0.4870555555555533,0.0,0.06467286762844845,0.0,2.4492688679245074,27.13228057200057,19.343548715277787,33.84117302174716,195.78
ricerca casuale,16,300.0,True,False,65.1,21308.363500000734,0,8,3,15.645714285714291,2,1.8742857142857094,0,0,0.9976692850788941,0.0,0.8007972222268072,0.079474999999968,0.029216666666671363,0.07564166666663816,0.0010055555555555464,0.013863888888888511,0.6292478383584479,0.0,0.14480000000000012,1.9800000000000015,2971.583928650831,989.0480366426254,4,0.0,0.6937222222222159,0.0,0.1279819863680609,0.010500000000000032,1.7400307692308121,29.30557126831432,20.712715312499995,38.403114869334836,179.93
copertura persistente,1,300.0,False,False,,38541.114099990686,0,10,4,2.450999999999999,1,1.1319999999999966,0,0,0.9039099619305244,0.0,0.7251472222251559,0.12286111111103964,0.030927777777783348,0.1057722222221663,0.0007888888888888843,0.014502777777777273,0.8719016650714587,0.0,0.11359999999999934,2.8399999999999834,1610.324705819072,1446.0756990373363,2,0.0,1.1257222222222174,0.0,0.13306250000000053,0.0533055555555557,0.7545408816535697,49.0901572554261,3.489702152777784,105.18790083881584,95.91
copertura persistente,2,300.0,True,False,119.97,28157.3684499946,0,9,3,3.779999999999998,1,0.4855555555555528,0,0,1.0167856691884412,0.0,0.836830555560927,0.06328611111109382,0.028216666666670852,0.060255555555541025,0.0,0.01141111111111122,0.4272283124185506,0.0,0.0,0.0,1096.7809647175102,1146.404403246616,2,0.0,1.4079999999999961,0.005,0.11256400194341763,0.006499999999999988,0.49488954600800106,52.10992613581748,8.348366041666663,106.02437656706867,141.13
copertura persistente,3,300.0,True,False,60.14,20089.403899998575,0,4,2,6.745000000000001,1,0.6424999999999954,0,0,1.0141818430435974,0.0,0.8645694444504214,0.05743611111109914,0.018744444444443783,0.04772499999999687,0.0037777777777777094,0.007747222222222656,0.8219925019817241,0.0,0.971428571428565,5.779999999999921,1061.663911822297,1059.4225097613341,3,0.0,1.7343333333333355,0.037,0.131977434679335,0.0011666666666666672,0.13216203703703713,54.43983339159859,10.874371892361097,108.12215371436403,131.08
copertura persistente,4,197.51,False,True,,171411.02265000608,38,4,41,0.0,41,0.00999999999999801,0,0,1.0012096914133117,0.0,0.9648836345853784,0.01655612374057042,0.005383693652641965,0.011505746544479379,0.0,0.0016708014784061398,0.31422910737190796,0.0,0.0,0.0,573.7423109419676,595.3272250634315,2,0.0,1.6387341772151964,0.06784810126582279,0.002947906523855887,0.001181434599156118,0.0,39.70827206584768,10.243797995780604,74.60950679685759,92.99
copertura persistente,5,210.11,False,True,,187336.17670000496,40,0,41,,41,,0,0,1.3640913053490593,0.0,1.0000000000034164,0.0,0.0,0.0,0.0,0.0,,0.0,,,801.7494494167518,979.5915373994592,0,0.0,1.0218150087260045,0.0,0.0,0.0,,35.925774305529856,1.5092733618911645,77.96277408627469,32.44
copertura persistente,6,219.24,False,True,,233188.4475500094,45,3,41,9.72,15,23.011764705882356,0,0,1.0139890199669228,0.0,0.6618431855495353,0.12193258529459848,0.04106230614852002,0.1541499422245698,0.002767134951042955,0.018244845831052355,0.6536706190732104,0.0,0.3033333333333316,4.059999999999958,1313.0861620599692,1256.5088270098329,0,0.0,0.9607664233576645,0.0,0.23026052318698,0.08318126520681249,0.3454372317000012,38.676584752136996,8.110391504143852,74.22394091928192,121.56
copertura persistente,7,181.12,False,True,,141665.91400000593,39,5,41,0.43749999999999645,41,1.1275000000000048,0,0,1.0683184104850127,0.0,0.9012993227318736,0.05635766342757369,0.013641968492344779,0.025098461425205075,0.0,0.0036025839222614277,0.7122660322642723,0.0,0.0,0.0,825.1301300752241,787.800780410927,1,0.0,1.151389655807101,0.0,0.012378939564155512,0.005889931897662436,3.40223713646532,30.19943591346309,1.9365106179826974,64.18635676409755,37.77
copertura persistente,8,300.0,True,False,59.15,19072.180999999804,0,9,3,6.644285714285715,3,0.937142857142855,0,0,1.0230876694670052,0.0,0.8184111111160806,0.06791944444442294,0.026436111111114383,0.07394722222219524,0.001105555555555544,0.012180555555555512,0.7167500773458413,0.0,0.18090909090908955,3.45999999999997,1328.78518020042,1287.6843069958989,0,0.0,1.2134444444444374,0.0,0.1510601079076035,0.01661111111111114,0.5271487901769576,46.95877788754663,2.840041840277776,101.46641198739033,71.19
copertura persistente,9,300.0,True,False,120.17,21307.540299997112,0,10,3,4.938888888888889,2,3.4133333333333287,0,0,0.9892727084584311,0.0,0.7072861111136549,0.12424166666659395,0.03170277777778374,0.1221138888888181,0.0014333333333333151,0.013222222222221972,0.8346662635632665,0.0,0.2149999999999992,2.869999999999983,1417.4861027266445,1135.9392946570053,1,0.0,1.731444444444446,0.0,0.2658248812134529,0.008499999999999997,0.8252528663420985,51.6010415269181,7.302999930555564,102.91526132766818,207.48000000000002
copertura persistente,10,300.0,True,False,74.78,48470.52279999657,0,8,4,5.5416666666666705,3,1.0883333333333287,0,0,1.0616341788531223,0.0,0.8841472222286265,0.04019722222222594,0.02443611111111336,0.04060000000000335,6.944444444444446e-05,0.010550000000000281,0.5866865864841299,0.0,0.013157894736842108,0.25000000000000006,1258.4007494591308,1168.8822853020147,0,0.0,1.384722222222226,0.0,0.0768091918848447,8.333333333333333e-05,0.4718646371296554,50.95221570410384,4.590693003472215,106.94194300529976,99.85000000000001
copertura persistente,11,300.0,True,False,69.71000000000001,12304.00904999859,0,6,2,7.867142857142855,0,0.8928571428571451,0,0,0.9662981873733529,0.0,0.8526972222279401,0.0665888888888686,0.02524444444444711,0.044408333333333216,0.0,0.01106111111111129,0.8242058468248586,0.0,0.0,0.0,1341.5167950449043,1353.471028202141,3,0.0,1.3366111111111112,0.0006666666666666666,0.28125000000000083,0.0011666666666666672,0.38229175215428784,50.3717468917908,5.887518298611103,105.73232425255848,91.63
copertura persistente,12,300.0,True,False,64.65,24856.08514999748,0,4,2,5.223333333333334,2,0.9033333333333342,0,0,1.014462464835953,0.0,0.8725666666728182,0.05050833333332767,0.01649722222222132,0.05192222222221527,0.0013333333333333172,0.007172222222222566,0.6938678132300435,0.0,0.3692307692307687,2.4599999999999915,1124.114537485421,1266.316259986842,2,0.0,1.3707222222222277,0.0,0.11547169811320823,0.009222222222222243,0.5166937385381182,51.21232392399907,5.070774982638871,108.2412542973319,94.78
copertura persistente,13,300.0,True,False,59.03,20995.867449998863,0,11,5,13.702000000000004,2,1.0679999999999947,0,0,1.0036049388716206,0.0,0.796400000004489,0.07800277777774711,0.030144444444449615,0.08263055555552068,0.001169444444444432,0.01165277777777784,0.7098931010093323,0.19000000000000003,0.20047619047619053,2.109999999999999,1182.5263887773315,1175.9604448407413,6,0.0,1.6153888888888792,0.0,0.17169102296450922,0.0038888888888888922,0.3294784063260344,51.10785991063689,7.901208420138878,103.8899655564692,85.76
copertura persistente,14,300.0,True,False,70.07000000000001,11723.632649998526,0,4,2,5.467500000000007,1,0.9424999999999901,0,0,1.081071718153432,0.0,0.8710083333394508,0.04826944444444081,0.01917222222222178,0.05383611111110242,0.00030555555555555577,0.0074083333333337135,0.5543331154272678,0.0,0.08461538461538468,1.1000000000000008,1355.5705752176339,1120.693121578432,0,0.0,1.18611111111111,0.0,0.22406781781781826,0.005833333333333343,0.4691699029126195,47.925806314917416,5.447215677083323,100.87095840551912,65.91
copertura persistente,15,300.0,True,False,65.45,21016.63944999921,0,9,5,4.758750000000004,2,0.7937499999999955,0,1,0.2730571800167399,0.00038888888888888914,0.8815722222285703,0.039858333333337354,0.022911111111112582,0.04236944444444618,0.0,0.013288888888888625,0.28470606029944145,0.0,0.0,0.0,1154.76971142853,1021.6339024679572,1,0.0,1.3238333333333405,0.008,0.05701291079812238,0.034944444444444375,0.9077833668678728,51.19744303626276,7.275719079861164,104.47052653326023,130.43
copertura persistente,16,300.0,False,False,,43165.04274999336,0,8,3,11.545714285714288,2,0.7700000000000011,0,0,1.1359330363895448,0.0,0.8866055555620135,0.038519444444449685,0.0279833333333374,0.03361388888889583,0.0,0.013277777777777517,0.28271049604807114,0.0,0.0,0.0,1293.206716487918,1360.1808866362464,0,0.0,0.9824444444444521,0.0,0.07073148148148192,0.0001388888888888889,0.06786220043572985,47.10776410284034,2.0883919270833307,102.83151118603818,44.07
copertura uniforme,1,300.0,True,False,291.94,30791.590599996598,0,10,4,21.599090909090908,0,2.0590909090909117,0,0,0.9039099619305244,0.0,0.6872472222243287,0.12130833333326328,0.04028888888889252,0.13173888888880936,0.0002027777777777779,0.019213888888888468,0.8136205714061027,0.0,0.022121212121212135,0.7300000000000004,2983.671102473123,2489.7181029151584,0,0.0,0.6943333333333337,0.0,0.19389012599444339,0.01972222222222236,2.574732764691999,31.3732450562004,28.214374444444434,34.44870741228073,169.62
copertura uniforme,2,300.0,True,False,88.61,18549.27709999805,0,9,4,5.391428571428571,3,1.0549999999999975,0,0,1.0603803797632811,0.0,0.8646583333393122,0.05140833333332685,0.022900000000001464,0.05006388888888363,0.0,0.010969444444444643,0.5629693116791694,0.0,0.0,0.0,3103.101396894837,2898.896307759336,0,0.0,0.5107777777777771,0.0,0.15429234338747022,0.003055555555555554,0.37306231179059485,27.20972365933758,28.34698081597226,26.411112190241223,152.3
copertura uniforme,3,300.0,True,False,255.9,26761.34404999048,0,4,3,14.277999999999997,0,1.6659999999999968,0,0,1.0285098971604076,0.0,0.8042277777824376,0.05914166666665315,0.028722222222226666,0.0919666666666233,0.0026138888888888453,0.013327777777777506,0.7576962105964178,0.0,0.3920833333333293,6.259999999999911,3096.5471500975705,2367.086211562273,0,0.0,0.46755555555555783,0.0,0.10762637186573672,0.012472222222222246,1.289992836676211,27.43374426955771,27.37529135416658,27.49962774488306,135.67000000000002
copertura uniforme,4,300.0,True,False,82.2,16764.1333999986,0,7,3,15.166249999999994,0,1.534999999999998,0,0,1.0678351112558722,0.0,0.7855611111153635,0.07684166666663705,0.031566666666672565,0.08409999999996379,0.007536111111111511,0.01439444444444396,0.800648532580622,0.0,1.043461538461527,9.469999999999843,3002.3801521504915,2592.257234312284,0,0.0,0.6499999999999982,0.0,0.24023828330700442,0.011361111111111113,0.5405226396917379,29.884190581377457,31.459393229166565,29.060600390168116,148.46
copertura uniforme,5,300.0,True,False,86.48,12548.75679999759,0,1,1,18.840000000000003,0,1.1449999999999942,0,0,1.1081122250246709,0.0,0.8991333333400647,0.03517500000000774,0.01607777777777696,0.041613888888891316,0.00022222222222222237,0.007777777777778216,0.47675348503723797,0.0,0.057142857142857176,0.8000000000000005,3189.918168409805,2732.148882863551,0,0.0,0.4107222222222223,0.0,0.22561651426988003,0.005027777777777778,0.17490021492170732,25.376187811955795,26.630959375000014,24.63641620979528,118.25
copertura uniforme,6,300.0,True,False,152.56,37330.746849986004,0,7,4,22.06428571428572,1,1.2957142857142878,0,0,1.037911027778204,0.0,0.7628666666704237,0.09310277777773338,0.03257500000000641,0.09726944444439625,0.00029722222222222243,0.013888888888888506,0.8703134287957698,0.0,0.04280000000000003,1.0700000000000007,3099.4236183704916,2644.90108614906,0,0.0,0.4651111111111123,0.0,0.16167335063300997,0.027194444444444462,1.2307411940704476,29.5150761148462,27.867877656249934,30.61184951388883,155.41
copertura uniforme,7,300.0,True,False,228.03,26900.621649998353,0,7,4,36.30428571428571,1,3.660000000000005,0,0,1.1090460301521488,0.0,0.7465638888922901,0.10579166666661073,0.03391666666667377,0.09761666666661817,0.0,0.016111111111110285,0.8037931524709352,0.0,0.0,0.0,3044.8399468383554,2647.4896762186954,0,0.0,0.5586111111111103,0.0,0.15101991088833247,0.017305555555555636,0.4849006168608643,32.426202179992785,35.02258496527786,30.05471843475871,153.83
copertura uniforme,8,300.0,True,False,64.74,21132.763349999113,0,9,3,23.878888888888895,1,2.1322222222222225,0,0,1.0514976125707722,0.0,0.8069972222269425,0.07478888888886115,0.029644444444449358,0.07413333333330618,0.0,0.014436111111110619,0.6897649548760741,0.0,0.0,0.0,3096.045638647429,2564.3917941533364,0,0.0,0.4552222222222241,0.0,0.14586872250533542,0.02886111111111101,1.0521280927027674,26.5762525467781,26.166593333333356,26.366914460891753,109.14
copertura uniforme,9,300.0,True,False,93.75,19614.899299998808,0,10,4,7.500000000000006,2,3.3866666666666645,0,0,1.0740300254110648,0.0,0.7954555555600239,0.062008333333317206,0.029388888888893672,0.09860277777772838,0.00018333333333333344,0.014361111111110634,0.6675409312697635,0.0,0.026400000000000014,0.6600000000000004,3101.742488431685,2687.5199864267797,0,0.0,0.39233333333333986,0.0,0.1938211872016628,0.024416666666666757,1.610936486973207,21.37113539073742,17.979120624999993,25.37844598958335,108.35000000000001
copertura uniforme,10,300.0,False,False,,32973.90759999978,0,8,4,32.90111111111111,0,2.526666666666669,0,0,1.0201060923103358,0.0,0.7729444444484215,0.08303888888885365,0.03940555555555999,0.08461666666663,0.0022611111111110753,0.017733333333332185,0.6880493667203853,0.0,0.2543749999999978,5.419999999999929,2975.406417095386,2742.078905355726,0,0.0,0.6542222222222235,0.0,0.13554629629629814,0.008388888888888852,0.6186023598102429,31.640124316238115,30.375120972222238,32.667683438413775,170.08
copertura uniforme,11,300.0,True,False,92.15,21636.330600000634,0,6,3,18.66,0,2.238571428571428,0,0,0.9662981873733529,0.0,0.8312055555608042,0.05741944444443249,0.03257777777778419,0.06209722222220602,0.0012138888888888753,0.015486111111110411,0.7012776943477985,0.0,0.15607142857142756,3.3999999999999715,3047.2216165164896,2726.740225189153,1,0.0,0.4459444444444472,0.0,0.11153233151183872,0.014222222222222188,0.7223844326694664,20.331055087970437,17.918032204861117,22.961322432383035,107.53
copertura uniforme,12,300.0,True,False,172.85,23074.99774999542,0,4,2,25.107500000000005,1,2.0999999999999908,0,0,1.0368885675444628,0.0,0.8521055555612604,0.062069444444428266,0.022766666666668062,0.052027777777770734,0.0010694444444444339,0.009961111111111509,0.6215429674008774,0.0,0.21388888888888863,2.339999999999994,3111.562809942525,2681.8058463340712,5,0.0,0.509166666666671,0.0,0.16783470275495305,0.000888888888888889,0.8980007146685793,26.00321994995631,25.830721892361073,26.842753841374307,130.54
copertura uniforme,13,300.0,True,False,89.58,25978.90414999907,0,11,5,17.573,2,1.6077777777777742,0,0,1.058434884696785,0.0,0.765250000003809,0.0761416666666377,0.03445833333334071,0.10291666666661334,0.004605555555555498,0.01662777777777685,0.7629843815152453,0.0,0.5526666666666635,3.93999999999996,3019.7867074546475,2510.2422036841094,0,0.0,0.589555555555558,0.0,0.14000284414107178,0.01111111111111107,0.5528793296089378,30.215621434717264,31.886164374999993,28.354544879385866,145.66
copertura uniforme,14,300.0,True,False,119.76,19927.688549995284,0,4,2,12.597999999999999,0,0.5759999999999905,0,0,1.102401094369165,0.0,0.8239944444495357,0.07101666666664234,0.022836111111112542,0.07159722222219739,0.0,0.010555555555555835,0.623640018387889,0.0,0.0,0.0,3144.870053792781,2628.2185290051875,0,0.0,0.44877777777777467,0.0,0.23562418846224883,0.009583333333333341,0.8270246004668695,24.397956280926945,24.21146057291669,25.08803327302635,127.7
copertura uniforme,15,300.0,True,False,54.19,18878.248199999736,0,9,6,19.371000000000002,0,1.3579999999999983,0,1,0.2730571800167399,0.00038333333333333356,0.8495777777834275,0.04218611111111301,0.031780555555561564,0.06262222222220554,0.0,0.013833333333332962,0.6001041315102837,0.0,0.0,0.0,3098.4658211568963,2636.058576678578,0,0.0,0.35288888888888875,0.0,0.12580362919828206,0.006861111111111103,1.0061315701372606,21.631156255047117,16.32530031250001,25.371462622441427,134.24
copertura uniforme,16,300.0,True,False,80.97,25932.00029999995,0,8,4,22.980000000000004,0,1.2855555555555527,0,0,1.0519777850589176,0.0,0.761194444448165,0.11251111111104906,0.036255555555562854,0.07144444444441975,0.0030916666666666133,0.015502777777777074,0.7389104152128476,0.0,0.39749999999999763,4.079999999999957,3030.3440641572793,2561.578628455741,1,0.0,0.6558333333333334,0.0,0.22270563736426907,0.00755555555555554,4.226131901507673,26.360666551505986,24.963711319444414,26.57858527869152,158.27
