variant,seed,duration_s,outcome,mission_complete,fire_overrun,extinction_time_s,fire_damage,burning_health_mean,fires_spawned,fires_ignited,peak_active_fires,detection_delay_s,fires_never_seen,response_delay_s,collisions,drones_lost,near_misses,min_distance_m,emergency_fraction,time_patrol,time_to_fire,time_extinguishing,time_to_station,time_queue,time_refill,time_out_of_service,water_fairness,overcrowding_s,queue_wait_mean_s,queue_wait_max_s,distance_per_drone_m,control_effort_rate,saturation_bounces,message_loss,neighbors,connected_fraction,fire_awareness,phantom_fires,info_age_s,coverage_staleness_s,coverage_staleness_hot_s,coverage_staleness_cold_s,coverage_staleness_max_s
concentrazione γ=0,1,300.0,tempo scaduto,,False,,64247.0788999803,214.156929666601,0,10,5,24.852999999999998,1,4.331,0,0,0,1.0062709692472354,0.0,0.6253722222229781,0.13957777777769112,0.044586111111110834,0.12974166666658896,0.03914166666667134,0.021580555555556345,0.0,0.8963076597480824,0.0,3.6130769230768895,10.97999999999981,245.30612239632754,0.7558571928733295,0,0.0,0.7508888888888889,0.0,0.17656250000000015,0.04447222222222227,1.3758337083708319,38.93320518464539,31.60844579861113,45.79794055646928,182.97
concentrazione γ=0,2,300.0,tempo scaduto,,False,,39486.71989999734,131.6223996666578,0,9,3,26.135714285714283,3,1.097142857142851,0,0,0,0.8805710111064619,0.0,0.7355027777809375,0.10746944444438698,0.03434166666667399,0.07756944444441417,0.027988888888892956,0.01712777777777675,0.0,0.8022309985314353,0.0,3.358666666666639,6.0499999999999154,253.92223465462064,0.7529801000815296,0,0.0,0.46688888888888935,0.0,0.1071481481481492,0.040222222222222055,1.8444659756647237,28.30260754477904,27.711893767361097,29.362334241593533,152.06
concentrazione γ=0,3,300.0,tempo scaduto,,False,,29438.615299998062,98.12871766666021,0,4,3,49.8625,1,1.4550000000000036,0,0,0,1.0690789476294784,0.0,0.8358527777831279,0.05180833333332648,0.025741666666669584,0.05110555555554935,0.02336388888889059,0.012127777777777746,0.0,0.7491386641553299,0.0,3.8231818181817805,7.019999999999895,256.77510092449893,0.8301497394844183,1,0.0,0.5567222222222225,0.0,0.09040800503949216,0.0037499999999999925,1.1653090172239113,32.56175662065137,29.84749248263888,35.398721516812834,156.88
concentrazione γ=0,4,300.0,tempo scaduto,,False,,24958.074999997145,83.19358333332382,0,7,4,23.97,0,2.6637500000000016,0,0,0,1.0404547536705486,0.0,0.7934138888933127,0.08151388888885504,0.035333333333341155,0.044374999999999915,0.02869722222222665,0.01666666666666573,0.0,0.6854791841950879,0.0,3.4436666666666373,7.999999999999874,252.87289247708128,0.7707906330359344,0,0.0,0.5171111111111112,0.0,0.11896417445482893,0.018944444444444486,0.8970678271308539,28.65162329599985,25.466799513888855,31.623051620065723,177.01
concentrazione γ=0,5,300.0,tempo scaduto,,False,,14398.79579999731,47.995985999991035,0,1,1,9.929999999999998,0,1.1899999999999942,0,0,0,1.1011725103094498,0.0,0.9010138888956614,0.03876666666667168,0.015744444444443693,0.02645000000000328,0.011358333333333455,0.006666666666666931,0.0,0.6024336500517455,0.0,3.407499999999971,5.459999999999928,257.3171140314068,1.039630566394149,3,0.0,0.7205000000000006,0.01,0.2561614294516315,0.001472222222222222,0.7471226698737254,39.65663419129355,39.396259184027784,40.3261590451388,174.82
concentrazione γ=0,6,300.0,tempo scaduto,,False,,31536.919749996807,105.12306583332268,0,7,4,29.43666666666667,2,1.1916666666666675,0,0,1,0.6378642035322527,0.0003333333333335471,0.7876777777820764,0.09837222222217304,0.025913888888891894,0.060777777777762776,0.016702777777776835,0.010555555555555835,0.0,0.8284301263107898,0.0,3.1647368421052393,4.629999999999946,259.6500218579643,0.8254147890936899,1,0.0,0.5234444444444448,0.0006666666666666666,0.17353366377529827,0.00769444444444445,1.6087534942821269,31.025366337765426,29.001497482638868,33.55231686494888,136.48
concentrazione γ=0,7,300.0,tempo scaduto,,False,,46027.339349998256,153.42446449999417,0,7,4,37.46857142857142,1,1.5071428571428531,0,0,0,0.9929432591767801,0.0,0.7041444444469197,0.10906944444438553,0.03848333333333861,0.09977499999994953,0.03075000000000548,0.017777777777776622,0.0,0.9063380569817552,0.0,3.3545454545454265,7.599999999999882,249.6405704331411,0.7818690524180226,0,0.0,0.6431666666666673,0.0,0.1401087962962952,0.011333333333333341,1.7933495217071505,34.33624607688443,32.952924045138936,35.90134828855993,177.3
concentrazione γ=0,8,300.0,tempo scaduto,,False,,30432.033249998523,101.4401108333284,0,9,4,26.421428571428578,3,1.892857142857137,0,0,0,1.0565083261063868,0.0,0.8420694444499303,0.056841666666655244,0.027997222222226295,0.042388888888890607,0.017930555555554478,0.012772222222222062,0.0,0.5901960813622399,0.0,2.8065217391304187,4.609999999999946,258.57137868505765,0.7975496279242758,0,0.0,0.5160555555555564,0.007,0.10342434617765499,0.0011666666666666676,0.6736827137924055,29.2463471237606,25.827492413194424,32.673079469115535,124.49000000000001
concentrazione γ=0,9,300.0,tempo scaduto,,False,,24916.248049999467,83.05416016666489,0,10,4,19.262500000000003,3,2.6262500000000024,0,0,0,1.0458108102686943,0.0,0.7600722222259182,0.09262222222217827,0.03143333333333916,0.08000833333330085,0.02253333333333461,0.013330555555555283,0.0,0.7272599371797415,0.0,3.5269565217390992,11.769999999999794,253.92060619291027,0.7974746741998592,3,0.0,0.6182222222222237,0.0,0.19027835004349092,0.04541666666666673,1.9313420604512794,27.634507447958423,23.322921631944386,31.139479809027776,133.58
concentrazione γ=0,10,300.0,tempo scaduto,,False,,28031.233500000504,93.43744500000167,0,8,3,30.422222222222224,0,1.3411111111111103,0,0,0,1.1016565431727272,0.0,0.8337638888941934,0.06094722222220706,0.032983333333339956,0.034208333333340585,0.023652777777779625,0.014444444444443951,0.0,0.7539129479951416,0.0,3.2749999999999746,5.479999999999928,254.94359195496568,0.8320499862439324,1,0.0,0.5275555555555554,0.0,0.10694304576480224,0.001027777777777778,1.0147890691716435,26.77646567660305,19.313173923611135,33.43494188322371,121.83
concentrazione γ=0,11,300.0,tempo scaduto,,False,,22254.009949999683,74.18003316666561,0,6,3,30.951428571428572,0,2.2314285714285758,0,0,0,1.0287403559583417,0.0,0.8367500000053697,0.062424999999983494,0.03113055555556123,0.027986111111115177,0.02870833333333777,0.012999999999999795,0.0,0.7120991728710396,0.0,3.9749999999999583,10.339999999999824,250.79315828186384,0.8777293872966623,3,0.0,0.7065555555555552,0.0,0.14435017596782324,0.006694444444444424,0.05122492697176244,29.34766182279523,24.512124270833322,33.5689356259138,123.78
concentrazione γ=0,12,300.0,tempo scaduto,,False,,8442.037199998585,28.140123999995286,0,4,2,4.29,2,0.8166666666666723,0,0,0,0.9962147767028466,0.0,0.8905972222287674,0.04273333333333474,0.017083333333332316,0.026602777777781136,0.01520555555555491,0.007777777777778216,0.0,0.511256190801561,0.0,3.9099999999999606,10.54999999999982,260.8353333980989,0.9079699596195457,0,0.0,0.5188888888888855,0.0,0.23644003055767676,0.0004722222222222221,0.624076467420572,28.017549374589716,23.304201093750006,32.18790427814325,132.23
concentrazione γ=0.5,1,300.0,tempo scaduto,,False,,19536.75310000139,65.12251033333797,0,10,5,20.175454545454542,0,2.3863636363636362,0,0,0,0.9005310640883919,0.0,0.6071083333336905,0.17238333333321684,0.0384388888888942,0.1123833333332714,0.05042499999999441,0.019261111111110712,0.0,0.8861517896432101,0.0,5.3391176470588695,28.000000000001577,229.5842876378688,0.8702056514725375,1,0.0,1.4577222222222108,0.015333333333333332,0.34248530008110456,0.021944444444444527,0.28304766734278985,54.14060500963911,24.52827217013888,89.81511385599413,101.98
concentrazione γ=0.5,2,300.0,tempo scaduto,,False,,46304.31544999396,154.34771816664653,0,9,4,41.79,2,1.7571428571428538,0,0,0,0.8805710111064619,0.0,0.7860388888931517,0.08755833333329398,0.03351111111111801,0.05412499999999105,0.023366666666668368,0.015399999999999317,0.0,0.7143568908003068,0.0,3.1155555555555328,4.7799999999999425,246.95186016334614,0.9534060198409858,0,0.0,0.8364999999999989,0.006666666666666667,0.09638425925925782,0.00311111111111111,0.18942197286012633,46.84187124982102,19.830065260416674,78.51460892817981,113.05
concentrazione γ=0.5,3,300.0,tempo scaduto,,False,,22011.33739999981,73.37112466666603,0,4,2,24.230000000000004,1,1.0624999999999951,0,0,0,1.0266829388344376,0.0,0.8133861111159708,0.07559722222219374,0.021119444444444996,0.050724999999994136,0.029727777777782734,0.009444444444444946,0.0,0.7818324149264565,0.0,5.945555555555473,11.419999999999801,242.78888937670237,1.0856826774445105,1,0.0,1.1442222222222191,0.04466666666666667,0.11944636279926474,0.00433333333333334,0.10760263294647505,48.690020303780486,18.445366805555523,83.59685866502187,96.34
concentrazione γ=0.5,4,300.0,tempo scaduto,,False,,44970.1032499923,149.90034416664102,0,7,5,51.79125,0,2.6224999999999974,0,0,0,1.031870431256557,0.0,0.788991666670994,0.08445277777774125,0.03295277777778438,0.053438888888880556,0.025058333333335903,0.01510555555555493,0.0,0.47356308176112,0.0,3.2217857142856894,5.309999999999931,248.8248726314792,0.9611853928902401,1,0.0,0.8497222222222185,0.0,0.10790462962962766,0.009638888888888895,0.7107215112736157,43.092119613012926,18.762288315972235,70.77310094937886,86.87
concentrazione γ=0.5,5,300.0,tempo scaduto,,False,,19378.913699996214,64.59637899998738,0,1,1,31.000000000000014,0,1.1749999999999865,0,0,0,1.104510198191974,0.0,0.8946222222288552,0.04381388888888931,0.016469444444443548,0.02554444444444726,0.012327777777777705,0.007222222222222573,0.0,0.6441717183878477,0.0,3.413846153846125,4.739999999999943,251.922905027567,1.2080800274947143,1,0.0,0.7868333333333309,0.0006666666666666666,0.2173239087301581,0.001361111111111112,0.2829985734664764,50.38045025901144,17.489601718749995,88.67391524945192,78.38
concentrazione γ=0.5,6,300.0,tempo scaduto,,False,,19041.09174999855,63.4703058333285,0,7,4,23.78000000000001,1,1.1871428571428535,0,0,1,0.6378642035322527,0.00032777777777798797,0.7617583333370661,0.10225555555550284,0.029091666666671297,0.07378055555552873,0.019780555555555423,0.01333333333333306,0.0,0.9153473085622966,0.0,2.9670833333333135,5.649999999999924,247.7031637029243,0.9971774977144864,3,0.0,1.006111111111108,0.0006666666666666666,0.2293576313109273,0.015444444444444507,0.22956655948553065,51.57153963758711,21.48113343750003,87.34088806560678,88.55
concentrazione γ=0.5,7,181.24,incendi fuori controllo,,True,,145788.06590000677,804.3923300596268,38,5,41,26.376666666666665,41,1.330000000000003,0,0,0,1.0663922378296626,0.0,0.8904583241366805,0.05065566835872299,0.013173140587067644,0.029288972265134577,0.010074119031854917,0.006349775619804196,0.0,0.6264916058996413,0.0,3.1299999999999772,4.149999999999956,154.74884037289164,1.0449102653161846,1,0.0,0.7930463576158915,0.0,0.007906506828361684,0.005886681383370127,0.034474576271186455,35.3152799654489,17.616390556015475,54.774012333408315,78.01
concentrazione γ=0.5,8,300.0,tempo scaduto,,False,,36271.657799996305,120.90552599998769,0,9,3,25.284285714285716,3,1.6957142857142844,0,0,0,1.040813402571,0.0,0.7545250000035749,0.09940277777772766,0.02905000000000461,0.07190833333330822,0.0312416666666724,0.013872222222221843,0.0,0.8317436876308424,0.0,4.498799999999949,11.329999999999803,242.12000506275447,0.9594325883026523,4,0.0,1.0933888888888894,0.015,0.13257870370370273,0.016083333333333293,0.5031605095541373,45.68389367357261,18.475151475694478,76.78530888980261,132.1
concentrazione γ=0.5,9,300.0,tempo scaduto,,False,,17516.496550000174,58.38832183333391,0,10,4,15.576249999999995,3,1.2814285714285683,0,0,0,1.0397020398790302,0.0,0.7259055555585058,0.12031111111104197,0.02755277777778162,0.08619166666662856,0.026711111111114523,0.013327777777777506,0.0,0.7487378261011391,0.0,4.006666666666625,7.599999999999882,250.7745714448393,0.8305654644534226,1,0.0,0.9565000000000012,0.012,0.2851644308597953,0.016138888888888855,1.1507439244401882,45.78597360542035,17.954465781250004,79.16414203399115,93.3
concentrazione γ=0.5,10,300.0,tempo scaduto,,False,,22177.25475000172,73.92418250000574,0,8,3,26.992500000000003,1,1.0924999999999943,0,0,0,1.0400642263642361,0.0,0.7796194444485671,0.09038611111106919,0.03215555555556175,0.05522777777776782,0.027080555555559157,0.015530555555554847,0.0,0.8500071879135266,0.0,3.4817857142856843,6.399999999999908,244.73405366640472,0.9736539975248353,4,0.0,0.9607777777777817,0.004,0.1384296638045202,0.010416666666666668,0.3699673056917815,47.50094363120691,18.950872517361113,79.80273148940064,109.96000000000001
concentrazione γ=0.5,11,300.0,tempo scaduto,,False,,18052.177400001026,60.17392466667009,0,6,3,33.441428571428574,0,1.590000000000003,0,0,0,0.9917710270323434,0.0,0.7768972222262855,0.09795833333328452,0.031141666666672348,0.04314722222222325,0.03653611111111815,0.014319444444443975,0.0,0.7252079823610587,0.0,5.0588461538461065,18.5500000000001,241.50706195932366,0.9303228536105301,6,0.0,1.150222222222216,0.02033333333333333,0.1614935886852677,0.0038888888888888944,0.2904767832690173,46.70179128526373,19.830217708333368,79.2120937408627,90.13
concentrazione γ=0.5,12,300.0,tempo scaduto,,False,,23504.639599998623,78.34879866666208,0,4,3,25.850000000000005,3,0.625,0,0,0,0.9962147767028466,0.0,0.8559750000057894,0.06338333333331596,0.01555555555555484,0.03923888888889347,0.018086111111110113,0.007761111111111546,0.0,0.8201719414120984,0.0,4.650714285714231,8.499999999999863,247.9300336951839,1.1276034204428764,3,0.0,0.9836111111111114,0.05733333333333333,0.1255445606173759,0.00019444444444444446,0.018826453425545713,46.1583592826845,14.87827489583332,82.99549951754359,81.29
concentrazione γ=1,1,300.0,tempo scaduto,,False,,16323.866750000818,54.412889166669395,0,10,5,15.774545454545454,0,1.9863636363636346,0,0,0,1.0147214003609186,0.0,0.6798277777797223,0.13769166666658172,0.03575277777778553,0.09372777777773281,0.03590000000000762,0.017099999999998977,0.0,0.8125779154985199,0.0,4.307999999999952,12.729999999999773,239.72703557552194,0.9215426482490675,1,0.0,1.2467777777777778,0.025,0.3625711152238003,0.022138888888888934,0.2699833689712396,52.33768601664374,19.934630312500023,89.54329035270477,100.78
concentrazione γ=1,2,300.0,tempo scaduto,,False,,50645.29934999346,168.8176644999782,0,9,4,20.83625,2,2.055000000000006,0,0,0,0.8805710111064619,0.0,0.7686750000038838,0.09364444444439955,0.03036944444444973,0.06765833333331207,0.026769444444447888,0.012883333333333151,0.0,0.6700825837234264,0.0,4.189999999999955,10.259999999999826,238.87048410932627,1.0533137726603141,0,0.0,1.0964444444444417,0.048,0.10239120370370437,0.0078055555555555335,0.3937248276794179,53.93345764993434,21.151598940972228,88.83512460160831,125.53
concentrazione γ=1,3,300.0,tempo scaduto,,False,,20292.309099999828,67.64103033333276,0,4,2,14.897499999999999,1,1.3349999999999995,0,0,0,1.0108813111841553,0.0,0.8178000000049561,0.061313888888873395,0.019911111111111046,0.057997222222209745,0.03410833333334053,0.008869444444445053,0.0,0.8320651972977817,0.0,7.674375000000072,27.520000000001502,243.12030578925575,1.0140436747420576,1,0.0,1.0661666666666703,0.046,0.11887531328320712,0.0040833333333333425,0.13953773777868597,48.34446843692223,14.409837291666673,87.33038364766072,78.48
concentrazione γ=1,4,300.0,tempo scaduto,,False,,45993.24239999202,153.3108079999734,0,7,5,29.465714285714284,1,3.331428571428573,0,0,0,1.0231370384047893,0.0,0.7671194444482943,0.09793611111106232,0.032627777777784216,0.051458333333326806,0.03482777777778534,0.016030555555554746,0.0,0.4854768420586932,0.0,4.323448275862021,9.429999999999843,246.20808611069452,0.8703338245992761,0,0.0,0.886055555555555,0.017666666666666667,0.10536759259259142,0.008749999999999996,0.6727098487472576,44.68166118767639,18.51625944444441,73.52619362298978,87.99
concentrazione γ=1,5,300.0,tempo scaduto,,False,,23519.8164499962,78.399388166654,0,1,1,48.305000000000014,0,1.4749999999999943,0,0,0,1.0646447827658727,0.0,0.8770500000062494,0.0525138888888814,0.017130555555554528,0.03123333333333906,0.01540555555555487,0.006666666666666931,0.0,0.8019273871297855,0.0,4.621666666666613,8.339999999999867,254.30093001099732,1.0573162686052406,3,0.0,0.8953333333333341,0.006,0.21080597643097587,0.002888888888888886,0.2037908659845271,51.400997555905164,16.640591684027775,91.26992034630848,79.92
concentrazione γ=1,6,300.0,tempo scaduto,,False,,17127.161299997657,57.090537666658854,0,7,3,18.11714285714286,1,1.3514285714285705,0,0,1,0.6378642035322527,0.00032777777777798797,0.7537305555591132,0.10597222222216612,0.02783888888889288,0.08021388888885621,0.020577777777778052,0.011666666666666726,0.0,0.9477716596567161,0.0,3.3672727272726988,7.319999999999888,243.44265660209268,1.0020293552775135,5,0.0,1.0756666666666643,0.019,0.2643404488232075,0.015444444444444516,0.22907417658455684,56.34709832558261,21.059584809027758,91.52107130573826,90.82000000000001
concentrazione γ=1,7,181.24,incendi fuori controllo,,True,,145688.19145000688,803.841268207939,38,5,41,25.093333333333334,41,1.4499999999999982,0,0,0,1.1055635186799824,0.0,0.9026107187515447,0.057506621054967205,0.012957036710072098,0.018401015228426673,0.004846244390495025,0.0036783638637533445,0.0,0.6924475129687806,0.0,2.6349999999999874,4.1699999999999555,156.38104583755972,1.0273104414101937,0,0.0,0.7502759381898484,0.0005518763796909492,0.007167252692152465,0.006852465047829292,0.20347488348006212,33.18204409279737,14.068855230178443,54.54253092353376,61.08
concentrazione γ=1,8,300.0,tempo scaduto,,False,,37280.957099995554,124.26985699998518,0,9,3,19.875714285714288,3,1.1100000000000025,0,0,0,1.0354972512730032,0.0,0.7750472222262451,0.10123333333328154,0.028997222222226806,0.06428611111109292,0.0176583333333322,0.012777777777777615,0.0,0.8195195026578351,0.0,2.7639130434782455,4.599999999999946,247.100483406898,1.0004984828490642,2,0.0,0.9543888888888918,0.0036666666666666666,0.10229166666666646,0.020194444444444473,0.6214842017738341,45.754879374957206,17.80571432291665,77.20395668037271,136.6
concentrazione γ=1,9,300.0,tempo scaduto,,False,,12300.509499999449,41.0016983333315,0,10,4,7.580000000000003,1,1.038999999999998,0,0,0,1.049489329148352,0.0,0.7513555555590613,0.0991055555555057,0.031902777777783844,0.08159722222218829,0.022794444444445856,0.013244444444444189,0.0,0.8615224372112006,0.0,3.2823999999999747,6.039999999999916,249.86893649381258,0.824038206532559,1,0.0,0.8926111111111111,0.009666666666666667,0.2659376471280564,0.031027777777777734,0.7398567164179072,45.29150452413556,12.335393680555551,82.72455002101614,78.35000000000001
concentrazione γ=1,10,300.0,tempo scaduto,,False,,20366.10315000133,67.88701050000444,0,8,4,22.121249999999996,1,2.1487500000000033,0,0,0,1.0515026471493694,0.0,0.7925111111155152,0.0847944444444076,0.031911111111117184,0.050388888888883335,0.025425000000002754,0.014969444444443846,0.0,0.8249625794001014,0.0,3.3899999999999717,5.969999999999917,247.03898363212787,0.9319337678547598,6,0.0,0.891666666666661,0.009666666666666667,0.16280207258341883,0.007027777777777792,0.7952538439222503,48.37686591888697,15.560542986111104,84.97819332785078,92.09
concentrazione γ=1,11,300.0,tempo scaduto,,False,,27126.06264999938,90.42020883333127,0,6,3,43.72571428571428,0,2.5471428571428585,0,0,0,1.0126353335962341,0.0,0.7010555555579634,0.13902777777769162,0.033777777777784804,0.0624583333333168,0.04816666666666313,0.015513888888888184,0.0,0.7991593344167359,0.0,6.192857142857056,13.639999999999754,228.41794840722446,0.9918384813190986,8,0.0,1.4204444444444415,0.024333333333333332,0.19438102486047756,0.02369444444444454,0.31471867651998625,54.27834627667869,22.939546041666606,87.68709666940781,131.04
concentrazione γ=1,12,300.0,tempo scaduto,,False,,22300.958049998666,74.33652683332889,0,4,2,13.035000000000002,1,0.8399999999999999,0,0,0,0.9962147767028466,0.0,0.844875000005547,0.06213055555553932,0.018772222222221576,0.04108333333333624,0.02544166666666943,0.0076972222222226475,0.0,0.8128417302532743,0.0,6.542142857142781,17.489999999999934,246.64311901662944,1.006563323323589,4,0.0,1.0840555555555582,0.058333333333333334,0.11948944988696326,2.7777777777777776e-05,0.03882432129234909,49.62759973603295,15.157409548611133,88.99415291666661,80.29
concentrazione γ=2,1,300.0,tempo scaduto,,False,,14810.36365000042,49.36787883333473,0,10,5,13.765454545454544,0,1.80272727272727,0,0,0,1.0373383859950536,0.0,0.670119444446177,0.14701666666657326,0.03585555555556322,0.09777222222217358,0.03232777777778406,0.01690833333333235,0.0,0.8923172730536819,0.0,3.879333333333294,11.189999999999806,238.8065861457745,0.875070209807221,3,0.0,1.2507777777777807,0.011333333333333334,0.34975224781781256,0.01786111111111115,0.29971671865777294,53.92786577604848,17.18561718750002,92.26746360836997,107.69
concentrazione γ=2,2,233.17,incendi fuori controllo,,True,,212330.189900007,910.62396491833,48,6,41,12.731707317073171,14,6.360000000000002,0,0,0,0.8805710111064619,0.0,0.4546861374387028,0.15286414776048807,0.05412002687595862,0.2063229975267044,0.10958027762285963,0.022426412774655145,0.0,0.9572766172121983,0.0,9.01794117647059,27.160000000001446,150.89032936289118,0.7993223130612163,0,0.0,2.375804375804381,0.11797511797511798,0.3104933523035515,0.02666952666952693,0.3467411696529109,58.666141235166826,34.401869369369386,82.07023348771698,180.03
concentrazione γ=2,3,300.0,tempo scaduto,,False,,21188.844049999534,70.62948016666512,0,4,2,21.603333333333335,2,1.4600000000000015,0,0,0,1.0109034752704684,0.0,0.8223611111161667,0.056922222222210724,0.018219444444443515,0.057541666666654605,0.036625000000006964,0.00833055555555608,0.0,0.8120554700746405,0.0,8.789999999999973,19.400000000000233,240.89830012579154,1.0360184582909155,1,0.0,1.1043888888888869,0.050666666666666665,0.09839622641509456,0.0038888888888888888,0.07079238601150954,52.307558681721204,13.047114392361113,93.37179614766083,76.81
concentrazione γ=2,4,300.0,tempo scaduto,,False,,44330.242249991505,147.76747416663835,0,7,5,23.127142857142854,1,2.4842857142857127,0,0,0,1.044141726494745,0.0,0.7918111111155,0.09746111111106275,0.032702777777784256,0.039730555555559696,0.02385000000000195,0.014444444444443951,0.0,0.5143510175991036,0.0,3.179999999999975,5.729999999999922,249.12365824239131,0.8916675474517074,0,0.0,0.8134444444444424,0.004333333333333333,0.10185972222222141,0.012111111111111081,0.843244523386616,47.25513426862013,17.529286666666682,78.7729397542033,82.56
concentrazione γ=2,5,300.0,tempo scaduto,,False,,12379.157799998195,41.26385933332732,0,1,1,19.685,0,1.3300000000000054,0,0,0,1.0199924569018635,0.0,0.8758750000062238,0.0520194444444374,0.015083333333332713,0.033391666666673495,0.016963888888887894,0.006666666666666931,0.0,0.9173386467678996,0.0,5.0891666666666024,9.689999999999838,249.99421054225584,1.0855518636715331,3,0.0,0.9318888888888885,0.018333333333333333,0.38359004739336666,0.005972222222222228,0.18404118404118397,54.40486619102105,16.319529496527725,93.31798358918137,112.66
concentrazione γ=2,6,300.0,tempo scaduto,,False,,12378.651049998238,41.262170166660795,0,7,3,7.138571428571433,1,1.4542857142857193,0,0,1,0.6378642035322527,0.0003333333333335471,0.7997416666712286,0.07756111111108085,0.02513055555555816,0.06473055555553696,0.022380555555556753,0.010455555555555857,0.0,0.9049643111222927,0.0,4.2405263157894275,12.249999999999783,248.2161940473912,0.9849192240844675,1,0.0,0.936611111111106,0.0,0.3327153510977045,0.007444444444444432,0.21859562455892803,56.334632874881954,17.668863177083384,94.47040475603065,85.39
concentrazione γ=2,7,181.24,incendi fuori controllo,,True,,144838.56590000668,799.1534203266756,38,5,41,24.72,40,0.9574999999999996,0,0,0,1.114628294759879,0.0,0.880825608768485,0.07594901787684596,0.014773228867800603,0.02068160082395333,0.004161149120870968,0.0036093945413079695,0.0,0.732918312711618,0.0,2.2624999999999957,2.4199999999999924,155.11023083317437,1.0080943808920573,1,0.0,0.8405997056659302,0.0005518763796909492,0.010562502211890729,0.0020235467255334803,0.19111821086261982,34.91705030593727,15.376016860973134,54.96699083806542,66.03
concentrazione γ=2,8,300.0,tempo scaduto,,False,,38231.9530499941,127.43984349998034,0,9,4,22.964285714285715,3,1.0242857142857136,0,0,0,1.0658198051416017,0.0,0.7371583333365291,0.12659722222214737,0.03214444444445064,0.06769722222220093,0.0214527777777785,0.014949999999999406,0.0,0.7653230076401007,0.0,2.8603703703703527,5.649999999999924,246.3911870152535,0.9592283189876539,4,0.0,0.8544999999999964,0.0,0.13131712962962794,0.015972222222222242,1.1187550243283357,47.04244235034956,14.16975295138889,82.07722844115487,118.91
concentrazione γ=2,9,300.0,tempo scaduto,,False,,16022.640250000615,53.408800833335384,0,10,4,17.73,1,1.8777777777777809,0,0,0,1.064543109061116,0.0,0.7842750000042243,0.0852444444444072,0.02859444444444882,0.07079166666664255,0.018211111111110175,0.012883333333333151,0.0,0.7796899098810454,0.3200000000000001,2.9799999999999787,6.149999999999913,248.76673290842487,0.9436128249201979,2,0.0,0.8664999999999977,0.0,0.17990691554768357,0.019138888888888914,0.7306870007262167,47.264341740284074,13.088824913194454,83.1417092306287,120.2
concentrazione γ=2,10,300.0,tempo scaduto,,False,,25536.2017499996,85.12067249999866,0,8,4,25.721249999999998,1,1.4099999999999968,0,0,0,1.0336859541467311,0.0,0.7300361111141515,0.13201111111103134,0.03454722222222965,0.05809166666665411,0.02871111111111555,0.016602777777776856,0.0,0.8578226615853487,0.0,3.445333333333303,8.19999999999987,240.24984101692553,0.8897716022942017,5,0.0,1.0783888888888897,0.0,0.16836191259596525,0.02444444444444436,0.6579512303752392,53.071433635458924,19.185874930555574,89.50008722770485,128.31
concentrazione γ=2,11,300.0,tempo scaduto,,False,,15612.425600000211,52.04141866666737,0,6,3,27.20428571428571,0,1.2100000000000033,0,0,0,1.0055412588742225,0.0,0.7872833333376233,0.10188611111105872,0.029861111111116136,0.03469166666667416,0.03299722222222885,0.013280555555555294,0.0,0.8922460713555791,0.0,4.949583333333276,16.6199999999998,238.90953262686747,0.97306545968198,6,0.0,1.1459444444444493,0.007333333333333333,0.18766798192943362,0.003361111111111116,0.20629671861142793,49.95544122781588,15.343634149305537,87.64750007675427,93.34
concentrazione γ=2,12,300.0,tempo scaduto,,False,,22798.981299998595,75.99660433332865,0,4,3,21.48333333333333,2,0.8066666666666767,0,0,0,0.9962147767028466,0.0,0.8590694444503013,0.059174999999986454,0.01788888888888779,0.03300000000000663,0.023580555555557367,0.007286111111111472,0.0,0.6433361077371574,0.0,5.659333333333256,13.34999999999976,248.62039387408544,1.0598249404695388,1,0.0,1.0201111111111079,0.027666666666666666,0.11513611842930599,0.00702777777777776,0.013281799016163038,54.273421756962136,14.44385895833336,95.80971669042374,75.09
